Workbook

Sheet Параметры
A1: Параметр | B1: Значение
A2: Начало периода | B2: 46023
A3: Конец периода | B3: 46387
A4: Источник данных | B4: HSE_INSURANCE / 09_Расчёт_стоимости_полисов
A5: Обновление | B5: Зарегистрируйте ODB как HSE_INSURANCE, затем Данные → Обновить диапазон.
A6: Данные | B6: Учебные, вымышленные. Курсы не являются актуальными котировками ЦБ.

Sheet Полисы
A1: Номер полиса | B1: Дата оформления | C1: ФИО клиента | D1: Наименование страны | E1: Покрытие полиса | F1: Валюта | G1: Дней | H1: Услуги в день | I1: Коэффициент полиса | J1: Стоимость полиса | K1: Покрытие в рублях | L1: Код агента | M1: ФИО агента | N1: Номер договора
A2: =БД_Источник!A2 -> 1 | B2: =БД_Источник!B2 -> 45698 | C2: =БД_Источник!F2 -> IVANOV IVAN IVANOVICH | D2: =БД_Источник!I2 -> Германия | E2: =БД_Источник!J2 -> 30000 | F2: =БД_Источник!K2 -> EUR | G2: =БД_Источник!O2 -> 7 | H2: =БД_Источник!P2 -> 15 | I2: =БД_Источник!L2 -> 1.2 | J2: =БД_Источник!Q2 -> 126 | K2: =БД_Источник!R2 -> 2940000 | L2: =БД_Источник!S2 -> 1 | M2: =БД_Источник!T2 -> Иванова Елена Павловна | N2: =БД_Источник!U2 -> AG-01
A3: =БД_Источник!A3 -> 2 | B3: =БД_Источник!B3 -> 45813 | C3: =БД_Источник!F3 -> IVANOV IVAN IVANOVICH | D3: =БД_Источник!I3 -> Франция | E3: =БД_Источник!J3 -> 50000 | F3: =БД_Источник!K3 -> EUR | G3: =БД_Источник!O3 -> 10 | H3: =БД_Источник!P3 -> 25 | I3: =БД_Источник!L3 -> 1.3 | J3: =БД_Источник!Q3 -> 325 | K3: =БД_Источник!R3 -> 4900000 | L3: =БД_Источник!S3 -> 2 | M3: =БД_Источник!T3 -> Соколов Андрей Игоревич | N3: =БД_Источник!U3 -> AG-02
A4: =БД_Источник!A4 -> 3 | B4: =БД_Источник!B4 -> 45884 | C4: =БД_Источник!F4 -> PETROVA ANNA SERGEEVNA | D4: =БД_Источник!I4 -> США | E4: =БД_Источник!J4 -> 100000 | F4: =БД_Источник!K4 -> USD | G4: =БД_Источник!O4 -> 14 | H4: =БД_Источник!P4 -> 18 | I4: =БД_Источник!L4 -> 1.8 | J4: =БД_Источник!Q4 -> 453.6 | K4: =БД_Источник!R4 -> 9000000 | L4: =БД_Источник!S4 -> 1 | M4: =БД_Источник!T4 -> Иванова Елена Павловна | N4: =БД_Источник!U4 -> AG-01
A5: =БД_Источник!A5 -> 4 | B5: =БД_Источник!B5 -> 45901 | C5: =БД_Источник!F5 -> VOLKOVA MARIA IGOREVNA | D5: =БД_Источник!I5 -> Китай | E5: =БД_Источник!J5 -> 50000 | F5: =БД_Источник!K5 -> CNY | G5: =БД_Источник!O5 -> 7 | H5: =БД_Источник!P5 -> 14 | I5: =БД_Источник!L5 -> 1.1 | J5: =БД_Источник!Q5 -> 107.8 | K5: =БД_Источник!R5 -> 625000 | L5: =БД_Источник!S5 -> 3 | M5: =БД_Источник!T5 -> Петрова Марина Олеговна | N5: =БД_Источник!U5 -> AG-03
A6: =БД_Источник!A6 -> 5 | B6: =БД_Источник!B6 -> 45931 | C6: =БД_Источник!F6 -> MOROZOVA ELENA OLEGOVNA | D6: =БД_Источник!I6 -> Германия | E6: =БД_Источник!J6 -> 30000 | F6: =БД_Источник!K6 -> EUR | G6: =БД_Источник!O6 -> 7 | H6: =БД_Источник!P6 -> 19 | I6: =БД_Источник!L6 -> 1.2 | J6: =БД_Источник!Q6 -> 159.6 | K6: =БД_Источник!R6 -> 2940000 | L6: =БД_Источник!S6 -> 2 | M6: =БД_Источник!T6 -> Соколов Андрей Игоревич | N6: =БД_Источник!U6 -> AG-02
A7: =БД_Источник!A7 -> 6 | B7: =БД_Источник!B7 -> 46037 | C7: =БД_Источник!F7 -> IVANOV IVAN IVANOVICH | D7: =БД_Источник!I7 -> Германия | E7: =БД_Источник!J7 -> 30000 | F7: =БД_Источник!K7 -> EUR | G7: =БД_Источник!O7 -> 7 | H7: =БД_Источник!P7 -> 19 | I7: =БД_Источник!L7 -> 1.2 | J7: =БД_Источник!Q7 -> 159.6 | K7: =БД_Источник!R7 -> 3060000 | L7: =БД_Источник!S7 -> 1 | M7: =БД_Источник!T7 -> Иванова Елена Павловна | N7: =БД_Источник!U7 -> AG-01
A8: =БД_Источник!A8 -> 7 | B8: =БД_Источник!B8 -> 46063 | C8: =БД_Источник!F8 -> IVANOV IVAN IVANOVICH | D8: =БД_Источник!I8 -> США | E8: =БД_Источник!J8 -> 100000 | F8: =БД_Источник!K8 -> USD | G8: =БД_Источник!O8 -> 14 | H8: =БД_Источник!P8 -> 31 | I8: =БД_Источник!L8 -> 1.8 | J8: =БД_Источник!Q8 -> 781.2 | K8: =БД_Источник!R8 -> 9400000 | L8: =БД_Источник!S8 -> 2 | M8: =БД_Источник!T8 -> Соколов Андрей Игоревич | N8: =БД_Источник!U8 -> AG-02
A9: =БД_Источник!A9 -> 8 | B9: =БД_Источник!B9 -> 46091 | C9: =БД_Источник!F9 -> PETROVA ANNA SERGEEVNA | D9: =БД_Источник!I9 -> Франция | E9: =БД_Источник!J9 -> 50000 | F9: =БД_Источник!K9 -> EUR | G9: =БД_Источник!O9 -> 10 | H9: =БД_Источник!P9 -> 25 | I9: =БД_Источник!L9 -> 1.3 | J9: =БД_Источник!Q9 -> 325 | K9: =БД_Источник!R9 -> 5100000 | L9: =БД_Источник!S9 -> 1 | M9: =БД_Источник!T9 -> Иванова Елена Павловна | N9: =БД_Источник!U9 -> AG-01
A10: =БД_Источник!A10 -> 9 | B10: =БД_Источник!B10 -> 46117 | C10: =БД_Источник!F10 -> SIDOROV PAVEL OLEGOVICH | D10: =БД_Источник!I10 -> Китай | E10: =БД_Источник!J10 -> 50000 | F10: =БД_Источник!K10 -> CNY | G10: =БД_Источник!O10 -> 7 | H10: =БД_Источник!P10 -> 20 | I10: =БД_Источник!L10 -> 1.1 | J10: =БД_Источник!Q10 -> 154 | K10: =БД_Источник!R10 -> 660000 | L10: =БД_Источник!S10 -> 2 | M10: =БД_Источник!T10 -> Соколов Андрей Игоревич | N10: =БД_Источник!U10 -> AG-02
A11: =БД_Источник!A11 -> 10 | B11: =БД_Источник!B11 -> 46162 | C11: =БД_Источник!F11 -> SMIRNOVA OLGA PETROVNA | D11: =БД_Источник!I11 -> Австралия | E11: =БД_Источник!J11 -> 100000 | F11: =БД_Источник!K11 -> AUD | G11: =БД_Источник!O11 -> 14 | H11: =БД_Источник!P11 -> 22 | I11: =БД_Источник!L11 -> 1.5 | J11: =БД_Источник!Q11 -> 462 | K11: =БД_Источник!R11 -> 6200000 | L11: =БД_Источник!S11 -> 3 | M11: =БД_Источник!T11 -> Петрова Марина Олеговна | N11: =БД_Источник!U11 -> AG-03
A12: =БД_Источник!A12 -> 11 | B12: =БД_Источник!B12 -> 46174 | C12: =БД_Источник!F12 -> KUZNETSOV EGOR IVANOVICH | D12: =БД_Источник!I12 -> США | E12: =БД_Источник!J12 -> 100000 | F12: =БД_Источник!K12 -> USD | G12: =БД_Источник!O12 -> 7 | H12: =БД_Источник!P12 -> 29 | I12: =БД_Источник!L12 -> 1.8 | J12: =БД_Источник!Q12 -> 365.4 | K12: =БД_Источник!R12 -> 9400000 | L12: =БД_Источник!S12 -> 1 | M12: =БД_Источник!T12 -> Иванова Елена Павловна | N12: =БД_Источник!U12 -> AG-01
A13: =БД_Источник!A13 -> 12 | B13: =БД_Источник!B13 -> 46218 | C13: =БД_Источник!F13 -> SIDOROV PAVEL OLEGOVICH | D13: =БД_Источник!I13 -> Германия | E13: =БД_Источник!J13 -> 30000 | F13: =БД_Источник!K13 -> EUR | G13: =БД_Источник!O13 -> 10 | H13: =БД_Источник!P13 -> 19 | I13: =БД_Источник!L13 -> 1.2 | J13: =БД_Источник!Q13 -> 228 | K13: =БД_Источник!R13 -> 3060000 | L13: =БД_Источник!S13 -> 2 | M13: =БД_Источник!T13 -> Соколов Андрей Игоревич | N13: =БД_Источник!U13 -> AG-02
A14: =БД_Источник!A14 -> 13 | B14: =БД_Источник!B14 -> 46239 | C14: =БД_Источник!F14 -> PETROVA ANNA SERGEEVNA | D14: =БД_Источник!I14 -> Франция | E14: =БД_Источник!J14 -> 50000 | F14: =БД_Источник!K14 -> EUR | G14: =БД_Источник!O14 -> 7 | H14: =БД_Источник!P14 -> 18 | I14: =БД_Источник!L14 -> 1.3 | J14: =БД_Источник!Q14 -> 163.8 | K14: =БД_Источник!R14 -> 5100000 | L14: =БД_Источник!S14 -> 3 | M14: =БД_Источник!T14 -> Петрова Марина Олеговна | N14: =БД_Источник!U14 -> AG-03

Sheet Услуги_полисов
A1: Номер полиса | B1: Код услуги | C1: Наименование услуги | D1: Наименование категории | E1: Дата тарифа | F1: Цена услуги
A2: 1 | B2: 001 | C2: Неотложная помощь при заболевании | D2: Экстренная помощь | E2: 2025-01-01 | F2: 10.00
A3: 1 | B3: 002 | C3: Стоматологическая помощь | D3: Экстренная помощь | E3: 2025-01-01 | F3: 5.00
A4: 2 | B4: 001 | C4: Неотложная помощь при заболевании | D4: Экстренная помощь | E4: 2025-01-01 | F4: 10.00
A5: 2 | B5: 003 | C5: Помощь при травмах | D5: Экстренная помощь | E5: 2025-01-01 | F5: 8.00
A6: 2 | B6: 004 | C6: Медицинская транспортировка | D6: Транспортировка | E6: 2025-01-01 | F6: 7.00
A7: 3 | B7: 001 | C7: Неотложная помощь при заболевании | D7: Экстренная помощь | E7: 2025-01-01 | F7: 10.00
A8: 3 | B8: 003 | C8: Помощь при травмах | D8: Экстренная помощь | E8: 2025-01-01 | F8: 8.00
A9: 4 | B9: 001 | C9: Неотложная помощь при заболевании | D9: Экстренная помощь | E9: 2025-01-01 | F9: 10.00
A10: 4 | B10: 005 | C10: Возвращение к месту проживания | D10: Транспортировка | E10: 2025-01-01 | F10: 4.00
A11: 5 | B11: 001 | C11: Неотложная помощь при заболевании | D11: Экстренная помощь | E11: 2025-01-01 | F11: 10.00
A12: 5 | B12: 002 | C12: Стоматологическая помощь | D12: Экстренная помощь | E12: 2025-01-01 | F12: 5.00
... A32: 13 | B32: 005 | C32: Возвращение к месту проживания | D32: Транспортировка | E32: 2026-01-01 | F32: 6.00

Sheet Агенты
A1: Код агента | B1: ФИО агента | C1: Число полисов | D1: Выручка, руб. | E1: Средний полис, руб. | F1: Комиссия, % | G1: Комиссия, руб. | H1: Лидер
A2: 1 | B2: Иванова Елена Павловна | C2: =COUNTIFS(Полисы!$L$2:$L$14,A2,Полисы!$B$2:$B$14,">="&Параметры!$B$2,Полисы!$B$2:$B$14,"<="&Параметры!$B$3) -> 3 | D2: =SUMIFS(Полисы!$J$2:$J$14,Полисы!$L$2:$L$14,A2,Полисы!$B$2:$B$14,">="&Параметры!$B$2,Полисы!$B$2:$B$14,"<="&Параметры!$B$3) -> 850 | E2: =IF(C2=0,"Нет продаж",D2/C2) -> 283.33333 | F2: 9 | G2: =ROUND(D2*F2/100,2) -> 76.5 | H2: =IF(AND(C2>0,C2=MAX($C$2:$C$5)),"Лидер","") -> Лидер
A3: 2 | B3: Соколов Андрей Игоревич | C3: =COUNTIFS(Полисы!$L$2:$L$14,A3,Полисы!$B$2:$B$14,">="&Параметры!$B$2,Полисы!$B$2:$B$14,"<="&Параметры!$B$3) -> 3 | D3: =SUMIFS(Полисы!$J$2:$J$14,Полисы!$L$2:$L$14,A3,Полисы!$B$2:$B$14,">="&Параметры!$B$2,Полисы!$B$2:$B$14,"<="&Параметры!$B$3) -> 1163.2 | E3: =IF(C3=0,"Нет продаж",D3/C3) -> 387.73333 | F3: 10 | G3: =ROUND(D3*F3/100,2) -> 116.32 | H3: =IF(AND(C3>0,C3=MAX($C$2:$C$5)),"Лидер","") -> Лидер
A4: 3 | B4: Петрова Марина Олеговна | C4: =COUNTIFS(Полисы!$L$2:$L$14,A4,Полисы!$B$2:$B$14,">="&Параметры!$B$2,Полисы!$B$2:$B$14,"<="&Параметры!$B$3) -> 2 | D4: =SUMIFS(Полисы!$J$2:$J$14,Полисы!$L$2:$L$14,A4,Полисы!$B$2:$B$14,">="&Параметры!$B$2,Полисы!$B$2:$B$14,"<="&Параметры!$B$3) -> 625.8 | E4: =IF(C4=0,"Нет продаж",D4/C4) -> 312.9 | F4: 11 | G4: =ROUND(D4*F4/100,2) -> 68.84 | H4: =IF(AND(C4>0,C4=MAX($C$2:$C$5)),"Лидер","")
A5: 4 | B5: Козлов Илья Сергеевич | C5: =COUNTIFS(Полисы!$L$2:$L$14,A5,Полисы!$B$2:$B$14,">="&Параметры!$B$2,Полисы!$B$2:$B$14,"<="&Параметры!$B$3) -> 0 | D5: =SUMIFS(Полисы!$J$2:$J$14,Полисы!$L$2:$L$14,A5,Полисы!$B$2:$B$14,">="&Параметры!$B$2,Полисы!$B$2:$B$14,"<="&Параметры!$B$3) -> 0 | E5: =IF(C5=0,"Нет продаж",D5/C5) -> Нет продаж | F5: 12 | G5: =ROUND(D5*F5/100,2) -> 0 | H5: =IF(AND(C5>0,C5=MAX($C$2:$C$5)),"Лидер","")

Sheet Итоги
A1: Показатель | B1: Значение
A2: Полисов за период | B2: =SUM(Агенты!C2:C5) -> 8
A3: Выручка за период, руб. | B3: =SUM(Агенты!D2:D5) -> 2639
A4: Средняя стоимость, руб. | B4: =IF(B2=0,"Нет полисов",B3/B2) -> 329.875
A5: Комиссия агентам, руб. | B5: =SUM(Агенты!G2:G5) -> 261.66
A6: Полисов всего | B6: 13
A7: Полисов прошлого года | B7: 5

Sheet БД_Источник
A1: PolicyID | B1: IssuedOn | C1: StartsOn | D1: EndsOn | E1: PassportNo | F1: FullName | G1: BirthDate | H1: Gender | I1: CountryName | J1: PolicyCoverage | K1: CurrencyLabel | L1: PolicyFactor | M1: PolicyRate | N1: RateDate | O1: Days | P1: DailyServicesRUB | Q1: PremiumRUB | R1: CoverageRUB | S1: AgentID | T1: AgentName | U1: ContractNo | V1: CommissionPct
A2: 1 | B2: 45698 | C2: 45700 | D2: 45707 | E2: 710000001 | F2: IVANOV IVAN IVANOVICH | G2: 33005 | H2: M | I2: Германия | J2: 30000 | K2: EUR | L2: 1.2 | M2: 98 | N2: 45658 | O2: 7 | P2: 15 | Q2: 126 | R2: 2940000 | S2: 1 | T2: Иванова Елена Павловна | U2: AG-01 | V2: 9
A3: 2 | B3: 45813 | C3: 45815 | D3: 45825 | E3: 710000001 | F3: IVANOV IVAN IVANOVICH | G3: 33005 | H3: M | I3: Франция | J3: 50000 | K3: EUR | L3: 1.3 | M3: 98 | N3: 45658 | O3: 10 | P3: 25 | Q3: 325 | R3: 4900000 | S3: 2 | T3: Соколов Андрей Игоревич | U3: AG-02 | V3: 10
A4: 3 | B4: 45884 | C4: 45886 | D4: 45900 | E4: 710000002 | F4: PETROVA ANNA SERGEEVNA | G4: 34567 | H4: F | I4: США | J4: 100000 | K4: USD | L4: 1.8 | M4: 90 | N4: 45658 | O4: 14 | P4: 18 | Q4: 453.6 | R4: 9000000 | S4: 1 | T4: Иванова Елена Павловна | U4: AG-01 | V4: 9
A5: 4 | B5: 45901 | C5: 45903 | D5: 45910 | E5: 710000006 | F5: VOLKOVA MARIA IGOREVNA | G5: 35177 | H5: F | I5: Китай | J5: 50000 | K5: CNY | L5: 1.1 | M5: 12.5 | N5: 45658 | O5: 7 | P5: 14 | Q5: 107.8 | R5: 625000 | S5: 3 | T5: Петрова Марина Олеговна | U5: AG-03 | V5: 11
A6: 5 | B6: 45931 | C6: 45933 | D6: 45940 | E6: 710000008 | F6: MOROZOVA ELENA OLEGOVNA | G6: 32768 | H6: F | I6: Германия | J6: 30000 | K6: EUR | L6: 1.2 | M6: 98 | N6: 45658 | O6: 7 | P6: 19 | Q6: 159.6 | R6: 2940000 | S6: 2 | T6: Соколов Андрей Игоревич | U6: AG-02 | V6: 10
A7: 6 | B7: 46037 | C7: 46039 | D7: 46046 | E7: 710000001 | F7: IVANOV IVAN IVANOVICH | G7: 33005 | H7: M | I7: Германия | J7: 30000 | K7: EUR | L7: 1.2 | M7: 102 | N7: 46023 | O7: 7 | P7: 19 | Q7: 159.6 | R7: 3060000 | S7: 1 | T7: Иванова Елена Павловна | U7: AG-01 | V7: 9
A8: 7 | B8: 46063 | C8: 46065 | D8: 46079 | E8: 710000001 | F8: IVANOV IVAN IVANOVICH | G8: 33005 | H8: M | I8: США | J8: 100000 | K8: USD | L8: 1.8 | M8: 94 | N8: 46023 | O8: 14 | P8: 31 | Q8: 781.2 | R8: 9400000 | S8: 2 | T8: Соколов Андрей Игоревич | U8: AG-02 | V8: 10
A9: 8 | B9: 46091 | C9: 46093 | D9: 46103 | E9: 710000002 | F9: PETROVA ANNA SERGEEVNA | G9: 34567 | H9: F | I9: Франция | J9: 50000 | K9: EUR | L9: 1.3 | M9: 102 | N9: 46023 | O9: 10 | P9: 25 | Q9: 325 | R9: 5100000 | S9: 1 | T9: Иванова Елена Павловна | U9: AG-01 | V9: 9
A10: 9 | B10: 46117 | C10: 46119 | D10: 46126 | E10: 710000003 | F10: SIDOROV PAVEL OLEGOVICH | G10: 31088 | H10: M | I10: Китай | J10: 50000 | K10: CNY | L10: 1.1 | M10: 13.2 | N10: 46023 | O10: 7 | P10: 20 | Q10: 154 | R10: 660000 | S10: 2 | T10: Соколов Андрей Игоревич | U10: AG-02 | V10: 10
A11: 10 | B11: 46162 | C11: 46164 | D11: 46178 | E11: 710000004 | F11: SMIRNOVA OLGA PETROVNA | G11: 33911 | H11: F | I11: Австралия | J11: 100000 | K11: AUD | L11: 1.5 | M11: 62 | N11: 46023 | O11: 14 | P11: 22 | Q11: 462 | R11: 6200000 | S11: 3 | T11: Петрова Марина Олеговна | U11: AG-03 | V11: 11
A12: 11 | B12: 46174 | C12: 46176 | D12: 46183 | E12: 710000005 | F12: KUZNETSOV EGOR IVANOVICH | G12: 32338 | H12: M | I12: США | J12: 100000 | K12: USD | L12: 1.8 | M12: 94 | N12: 46023 | O12: 7 | P12: 29 | Q12: 365.4 | R12: 9400000 | S12: 1 | T12: Иванова Елена Павловна | U12: AG-01 | V12: 9
A13: 12 | B13: 46218 | C13: 46220 | D13: 46230 | E13: 710000003 | F13: SIDOROV PAVEL OLEGOVICH | G13: 31088 | H13: M | I13: Германия | J13: 30000 | K13: EUR | L13: 1.2 | M13: 102 | N13: 46023 | O13: 10 | P13: 19 | Q13: 228 | R13: 3060000 | S13: 2 | T13: Соколов Андрей Игоревич | U13: AG-02 | V13: 10
A14: 13 | B14: 46239 | C14: 46241 | D14: 46248 | E14: 710000002 | F14: PETROVA ANNA SERGEEVNA | G14: 34567 | H14: F | I14: Франция | J14: 50000 | K14: EUR | L14: 1.3 | M14: 102 | N14: 46023 | O14: 7 | P14: 18 | Q14: 163.8 | R14: 5100000 | S14: 3 | T14: Петрова Марина Олеговна | U14: AG-03 | V14: 11
